model_name,n_predictions,mae,rmse,r2
distance_gnn_small,74,0.4198254669034803,0.47261847066437945,0.3542485219169583
distance_gnn_medium,74,0.5164280131056502,0.6201695978745193,-0.11189806000930647
