model_name,n_predictions,mae,rmse,r2
gcn_small,74,0.5125999160715051,0.6124318597288199,-0.08432526872356538
gcn_medium,74,0.6281590107324961,0.7626954972330304,-0.6816917464208034
