model_name,n_predictions,mae,rmse,r2
gcn_small,71,0.12883610540712384,0.1803778330633723,0.07522447017432232
gcn_medium,71,0.20370147429721455,0.24267390600050348,-0.6738485476540244
