model_name,n_predictions,mae,rmse,r2
distance_gnn_small,71,0.11955383881716661,0.17644322357833214,0.1151289917579269
distance_gnn_medium,71,0.18524473066061314,0.23951424045891762,-0.630544584674839
