model_name,n_predictions,mae,rmse,r2
gcn_small,71,0.14001453174671658,0.19105369875965086,-0.0020701392005229025
gcn_medium,71,0.1893718721161426,0.25129625314816934,-0.733641311413024
