model_name,n_predictions,mae,rmse,r2
distance_gnn_small,71,0.12117640149425453,0.1625179504854766,0.27491337458739074
distance_gnn_medium,71,0.2048137859559395,0.27491757998085753,-1.0748764688811923
