epoch,train_loss,valid_loss,valid_mae,valid_rmse,valid_r2
1,1.1385499285716636,0.37141163647174835,0.022173315286636353,0.022848396368775798,-15.598238296557717
